{
    "rmse": 0.8047749258832289,
    "mae": 0.6607334271646649,
    "r2": 0.008941278736554703
}